{
  "feature_count": 90,
  "scaler_type": "minmax",
  "metadata_columns": [
    "Flow ID",
    "Src IP",
    "Dst IP",
    "Src Port",
    "Dst Port",
    "Timestamp"
  ],
  "label_classes": [
    "Backdoor",
    "Benign",
    "Exploit",
    "HackTool",
    "Hoax",
    "Rootkit",
    "Trojan",
    "Virus",
    "Worm"
  ],
  "class_weights": {
    "0": 1.0175010175010175,
    "1": 0.9545628102329133,
    "2": 1.0028078620136383,
    "3": 0.9274717121127806,
    "4": 1.122334455667789,
    "5": 1.0442773600668338,
    "6": 1.023122570083896,
    "7": 0.9545628102329133,
    "8": 0.9798157946306094
  }
}